<xml xmlns="http://www.w3.org/1999/xhtml">
  <tab name="Init" type="InitTab" active="false" scrollx="20" scrolly="20" scale="0.9"></tab>
  <tab name="New Tab" type="CommonTab" active="true" scrollx="135.19752556494052" scrolly="155.64692023144593" scale="0.9945447835600073">
    <block xmlns="https://developers.google.com/blockly/xml" type="whenClicked" id="RTSiZ6G([dC5STc6LC3}" inline="false" x="-10" y="10">
      <mutation xmlns="http://www.w3.org/1999/xhtml" adveventoptions="false" enableifmissed="false" useid="false"></mutation>
      <field name="X_RAY">FALSE</field>
      <field name="DOUBLE_CLICK">FALSE</field>
      <field name="LEFT_BUTTON">TRUE</field>
      <field name="MIDDLE_BUTTON">TRUE</field>
      <field name="RIGHT_BUTTON">TRUE</field>
      <value name="VALUE">
        <shadow type="objectList" id="?J{j$kbEbEMs@9HyJJ%N">
          <field name="FIELDNAME">spear black</field>
        </shadow>
      </value>
      <statement name="DO">
        <block type="assignMaterial" id="zOeIopJD{XerC_}J,yse">
          <mutation xmlns="http://www.w3.org/1999/xhtml" usematerialindex="false"></mutation>
          <value name="VALUE2">
            <shadow type="materialList" id=".|`2!PJ{UK`x1l$#R[E#">
              <field name="FIELDNAME">black</field>
            </shadow>
          </value>
          <value name="VALUE1">
            <shadow type="objectList" id="Fkk=/lE2!z1OECeBd``[">
              <field name="FIELDNAME">metal stand</field>
            </shadow>
          </value>
        </block>
      </statement>
    </block>
    <block xmlns="https://developers.google.com/blockly/xml" type="whenClicked" id="!B3LbLyahHjH~e?B8{fZ" inline="false" x="19" y="127">
      <mutation xmlns="http://www.w3.org/1999/xhtml" adveventoptions="false" enableifmissed="false" useid="false"></mutation>
      <field name="X_RAY">FALSE</field>
      <field name="DOUBLE_CLICK">FALSE</field>
      <field name="LEFT_BUTTON">TRUE</field>
      <field name="MIDDLE_BUTTON">TRUE</field>
      <field name="RIGHT_BUTTON">TRUE</field>
      <value name="VALUE">
        <shadow type="objectList" id="K:o39pF%#Tpm.Uh7#U]s">
          <field name="FIELDNAME">spear chrome</field>
        </shadow>
      </value>
      <statement name="DO">
        <block type="assignMaterial" id="@TSH-_OYZ6=g!]{~5+2@">
          <mutation xmlns="http://www.w3.org/1999/xhtml" usematerialindex="false"></mutation>
          <value name="VALUE2">
            <shadow type="materialList" id="yuaY;tV9Od}A_tII(5S{">
              <field name="FIELDNAME">chrome</field>
            </shadow>
          </value>
          <value name="VALUE1">
            <shadow type="objectList" id="}}1Y|/Wu5m[mdoW{+$Qk">
              <field name="FIELDNAME">metal stand</field>
            </shadow>
          </value>
        </block>
      </statement>
    </block>
    <block xmlns="https://developers.google.com/blockly/xml" type="whenClicked" id="l;:B),J)bCwo.1oP14mS" inline="false" x="10" y="250">
      <mutation xmlns="http://www.w3.org/1999/xhtml" adveventoptions="false" enableifmissed="false" useid="false"></mutation>
      <field name="X_RAY">FALSE</field>
      <field name="DOUBLE_CLICK">FALSE</field>
      <field name="LEFT_BUTTON">TRUE</field>
      <field name="MIDDLE_BUTTON">TRUE</field>
      <field name="RIGHT_BUTTON">TRUE</field>
      <value name="VALUE">
        <shadow type="objectList" id="?W);r`aau=zGXu)Mq;Zx">
          <field name="FIELDNAME">spear white</field>
        </shadow>
      </value>
      <statement name="DO">
        <block type="assignMaterial" id="i^njR-Y,?Rj2FO=GEe2M">
          <mutation xmlns="http://www.w3.org/1999/xhtml" usematerialindex="false"></mutation>
          <value name="VALUE2">
            <shadow type="materialList" id=";^VlVkIF8:oqbPyLI5m5">
              <field name="FIELDNAME">white</field>
            </shadow>
          </value>
          <value name="VALUE1">
            <shadow type="objectList" id="4V`PyEn*F6eI[2MKAKNf">
              <field name="FIELDNAME">metal stand</field>
            </shadow>
          </value>
        </block>
      </statement>
    </block>
  </tab>
  <editorsettings viewport-x="903.5999999999999" viewport-y="37" viewport-w="614.4" viewport-h="365" viewport-hidden="false" toolbox-library-mode="false" toolbox-minimized-mode="false"></editorsettings>
</xml>