<xml xmlns="http://www.w3.org/1999/xhtml">
  <tab name="Init" type="InitTab" active="false" scrollx="20" scrolly="0" scale="0.9"></tab>
  <tab name="New Tab" type="CommonTab" active="false" scrollx="178.4732660370762" scrolly="181.88096802307086" scale="0.6879085381826076">
    <block xmlns="https://developers.google.com/blockly/xml" type="whenClicked" id="RTSiZ6G([dC5STc6LC3}" inline="false" x="-150" y="-210">
      <mutation xmlns="http://www.w3.org/1999/xhtml" adveventoptions="false" enableifmissed="false" useid="false"></mutation>
      <field name="X_RAY">FALSE</field>
      <field name="DOUBLE_CLICK">FALSE</field>
      <field name="LEFT_BUTTON">TRUE</field>
      <field name="MIDDLE_BUTTON">TRUE</field>
      <field name="RIGHT_BUTTON">TRUE</field>
      <value name="VALUE">
        <shadow type="objectList" id="?J{j$kbEbEMs@9HyJJ%N">
          <field name="FIELDNAME">spear black</field>
        </shadow>
      </value>
      <statement name="DO">
        <block type="assignMaterial" id="zOeIopJD{XerC_}J,yse">
          <mutation xmlns="http://www.w3.org/1999/xhtml" usematerialindex="false"></mutation>
          <value name="VALUE2">
            <shadow type="materialList" id=".|`2!PJ{UK`x1l$#R[E#">
              <field name="FIELDNAME">black</field>
            </shadow>
          </value>
          <value name="VALUE1">
            <shadow type="objectList" id="Fkk=/lE2!z1OECeBd``[">
              <field name="FIELDNAME">metal stand</field>
            </shadow>
          </value>
        </block>
      </statement>
    </block>
    <block xmlns="https://developers.google.com/blockly/xml" type="whenClicked" id="!B3LbLyahHjH~e?B8{fZ" inline="false" x="-150" y="-90">
      <mutation xmlns="http://www.w3.org/1999/xhtml" adveventoptions="false" enableifmissed="false" useid="false"></mutation>
      <field name="X_RAY">FALSE</field>
      <field name="DOUBLE_CLICK">FALSE</field>
      <field name="LEFT_BUTTON">TRUE</field>
      <field name="MIDDLE_BUTTON">TRUE</field>
      <field name="RIGHT_BUTTON">TRUE</field>
      <value name="VALUE">
        <shadow type="objectList" id="K:o39pF%#Tpm.Uh7#U]s">
          <field name="FIELDNAME">spear chrome</field>
        </shadow>
      </value>
      <statement name="DO">
        <block type="assignMaterial" id="@TSH-_OYZ6=g!]{~5+2@">
          <mutation xmlns="http://www.w3.org/1999/xhtml" usematerialindex="false"></mutation>
          <value name="VALUE2">
            <shadow type="materialList" id="yuaY;tV9Od}A_tII(5S{">
              <field name="FIELDNAME">chrome</field>
            </shadow>
          </value>
          <value name="VALUE1">
            <shadow type="objectList" id="}}1Y|/Wu5m[mdoW{+$Qk">
              <field name="FIELDNAME">metal stand</field>
            </shadow>
          </value>
        </block>
      </statement>
    </block>
    <block xmlns="https://developers.google.com/blockly/xml" type="whenClicked" id="l;:B),J)bCwo.1oP14mS" inline="false" x="-150" y="30">
      <mutation xmlns="http://www.w3.org/1999/xhtml" adveventoptions="false" enableifmissed="false" useid="false"></mutation>
      <field name="X_RAY">FALSE</field>
      <field name="DOUBLE_CLICK">FALSE</field>
      <field name="LEFT_BUTTON">TRUE</field>
      <field name="MIDDLE_BUTTON">TRUE</field>
      <field name="RIGHT_BUTTON">TRUE</field>
      <value name="VALUE">
        <shadow type="objectList" id="?W);r`aau=zGXu)Mq;Zx">
          <field name="FIELDNAME">spear white</field>
        </shadow>
      </value>
      <statement name="DO">
        <block type="assignMaterial" id="i^njR-Y,?Rj2FO=GEe2M">
          <mutation xmlns="http://www.w3.org/1999/xhtml" usematerialindex="false"></mutation>
          <value name="VALUE2">
            <shadow type="materialList" id=";^VlVkIF8:oqbPyLI5m5">
              <field name="FIELDNAME">white</field>
            </shadow>
          </value>
          <value name="VALUE1">
            <shadow type="objectList" id="4V`PyEn*F6eI[2MKAKNf">
              <field name="FIELDNAME">metal stand</field>
            </shadow>
          </value>
        </block>
      </statement>
    </block>
    <block xmlns="https://developers.google.com/blockly/xml" type="whenClicked" id="d71;3P3iG6YM170t.i@c" inline="false" x="-150" y="150">
      <mutation xmlns="http://www.w3.org/1999/xhtml" adveventoptions="false" enableifmissed="false" useid="false"></mutation>
      <field name="X_RAY">FALSE</field>
      <field name="DOUBLE_CLICK">FALSE</field>
      <field name="LEFT_BUTTON">TRUE</field>
      <field name="MIDDLE_BUTTON">TRUE</field>
      <field name="RIGHT_BUTTON">TRUE</field>
      <value name="VALUE">
        <shadow type="objectList" id="Pf3rmH)0lP!PNp.daDW]">
          <field name="FIELDNAME">slab 1</field>
        </shadow>
      </value>
      <statement name="DO">
        <block type="replaceTexture" id="FxF0utnLijD6s5D:OowT">
          <mutation xmlns="http://www.w3.org/1999/xhtml" enabledoslot="false" flextexinput="false" notexsharing="false"></mutation>
          <field name="OLD_TEX_NAME">woodmaterial1</field>
          <value name="MATERIAL">
            <shadow type="materialList" id="2kNz,~./Q_aK/SyUdUN.">
              <field name="FIELDNAME">woodmaterailoo</field>
            </shadow>
          </value>
          <value name="NEW_TEX_URL">
            <shadow type="text" id="Dm|Hn,sSdA4@d1jHwk/#">
              <field name="TEXT">./wood_basecolor_1.jpg</field>
            </shadow>
          </value>
        </block>
      </statement>
    </block>
    <block xmlns="https://developers.google.com/blockly/xml" type="whenClicked" id="3U1w[=an|c.nsa}JiP{T" inline="false" x="-170" y="270">
      <mutation xmlns="http://www.w3.org/1999/xhtml" adveventoptions="false" enableifmissed="false" useid="false"></mutation>
      <field name="X_RAY">FALSE</field>
      <field name="DOUBLE_CLICK">FALSE</field>
      <field name="LEFT_BUTTON">TRUE</field>
      <field name="MIDDLE_BUTTON">TRUE</field>
      <field name="RIGHT_BUTTON">TRUE</field>
      <value name="VALUE">
        <shadow type="objectList" id="Nhg-m8FMO-V^WNoPEgIz">
          <field name="FIELDNAME">slab 2</field>
        </shadow>
      </value>
      <statement name="DO">
        <block type="replaceTexture" id="yoaFv`J]_rWg.o9,Zb~Y">
          <mutation xmlns="http://www.w3.org/1999/xhtml" enabledoslot="false" flextexinput="false" notexsharing="false"></mutation>
          <field name="OLD_TEX_NAME">woodmaterial1</field>
          <value name="MATERIAL">
            <shadow type="materialList" id="cVpakOCGTRQ{iUW|9,4~">
              <field name="FIELDNAME">woodmaterailoo</field>
            </shadow>
          </value>
          <value name="NEW_TEX_URL">
            <shadow type="text" id="~]`jmr/kB@EJJ{L%xjqJ">
              <field name="TEXT">wood_basecolor_2.jpg</field>
            </shadow>
          </value>
        </block>
      </statement>
    </block>
    <block xmlns="https://developers.google.com/blockly/xml" type="whenClicked" id="ZCG)LYuS)S^yMK[$82OO" inline="false" x="-190" y="390">
      <mutation xmlns="http://www.w3.org/1999/xhtml" adveventoptions="false" enableifmissed="false" useid="false"></mutation>
      <field name="X_RAY">FALSE</field>
      <field name="DOUBLE_CLICK">FALSE</field>
      <field name="LEFT_BUTTON">TRUE</field>
      <field name="MIDDLE_BUTTON">TRUE</field>
      <field name="RIGHT_BUTTON">TRUE</field>
      <value name="VALUE">
        <shadow type="objectList" id="ALH+TR1:!`EE!@gtSqF5">
          <field name="FIELDNAME">slab 3</field>
        </shadow>
      </value>
      <statement name="DO">
        <block type="replaceTexture" id="esaF9.LzDSnxxe);9+tW">
          <mutation xmlns="http://www.w3.org/1999/xhtml" enabledoslot="false" flextexinput="false" notexsharing="false"></mutation>
          <field name="OLD_TEX_NAME">woodmaterial1</field>
          <value name="MATERIAL">
            <shadow type="materialList" id="(D/A!^^L^Gj53cyFfk+k">
              <field name="FIELDNAME">woodmaterailoo</field>
            </shadow>
          </value>
          <value name="NEW_TEX_URL">
            <shadow type="text" id="6S+fNBN/5%zUI)1IB{2v">
              <field name="TEXT">wood_basecolor_3.jpg</field>
            </shadow>
          </value>
        </block>
      </statement>
    </block>
  </tab>
  <tab name="animation" type="CommonTab" active="true" scrollx="2.2737367544323206e-13" scrolly="5.684341886080802e-14" scale="0.8480992223376755">
    <variables xmlns="https://developers.google.com/blockly/xml">
      <variable id="nv26T.P=AQjYfb=DFJQ{">status</variable>
    </variables>
    <block xmlns="https://developers.google.com/blockly/xml" type="variables_set" id="M!3WQN`/04hR75wcUj2o" x="150" y="70">
      <field name="VAR" id="nv26T.P=AQjYfb=DFJQ{">status</field>
      <value name="VALUE">
        <block type="text" id="[B0m-y=IJo~@8J2p@WIa">
          <field name="TEXT">closed</field>
        </block>
      </value>
    </block>
    <block xmlns="https://developers.google.com/blockly/xml" type="whenClicked" id="Kdl]MToUS%Q#457L5gY#" inline="false" x="150" y="270">
      <mutation xmlns="http://www.w3.org/1999/xhtml" adveventoptions="false" enableifmissed="false" useid="false"></mutation>
      <field name="X_RAY">FALSE</field>
      <field name="DOUBLE_CLICK">FALSE</field>
      <field name="LEFT_BUTTON">TRUE</field>
      <field name="MIDDLE_BUTTON">TRUE</field>
      <field name="RIGHT_BUTTON">TRUE</field>
      <value name="VALUE">
        <shadow type="objectList" id="yVj2uN?_1-VL3f*u}W7M">
          <field name="FIELDNAME">drawer</field>
        </shadow>
      </value>
      <statement name="DO">
        <block type="controls_if" id="Z~t#jYUsBI;F9SV0px7I">
          <mutation elseif="1"></mutation>
          <value name="IF0">
            <block type="logic_compare" id="DCeJ.w:4*m~Ybc,mwR=x">
              <field name="OP">EQ</field>
              <value name="A">
                <block type="variables_get" id="h(M3wnwo#E_V.%/2($24">
                  <field name="VAR" id="nv26T.P=AQjYfb=DFJQ{">status</field>
                </block>
              </value>
              <value name="B">
                <block type="text" id="4?evmst#xhplmF8o7H6+">
                  <field name="TEXT">closed</field>
                </block>
              </value>
            </block>
          </value>
          <statement name="DO0">
            <block type="playAnimationAdv" id="QLdoVaW.[idJPhHt*9{O">
              <mutation xmlns="http://www.w3.org/1999/xhtml" advplaybackoptions="false" enablewhenfinished="true"></mutation>
              <field name="REVERSED">FALSE</field>
              <field name="LOOP">LoopOnce</field>
              <value name="VALUE">
                <shadow type="animationList" id="iS2x/[~_US%%R,h0LI9)">
                  <field name="FIELDNAME">drawer</field>
                </shadow>
              </value>
              <statement name="DO">
                <block type="variables_set" id="dA}ORT:c_:{k2(x4!f=(">
                  <field name="VAR" id="nv26T.P=AQjYfb=DFJQ{">status</field>
                  <value name="VALUE">
                    <block type="text" id="y#xB^b0|zeIvwX]WljcH">
                      <field name="TEXT">open</field>
                    </block>
                  </value>
                </block>
              </statement>
            </block>
          </statement>
          <value name="IF1">
            <block type="logic_compare" id="MX;Ig{%e0/ixgLltA?m6">
              <field name="OP">EQ</field>
              <value name="A">
                <block type="variables_get" id=":R-Sg4e~;lQy{*|h3`Tx">
                  <field name="VAR" id="nv26T.P=AQjYfb=DFJQ{">status</field>
                </block>
              </value>
              <value name="B">
                <block type="text" id="t=F00N:+*Ci4~]Ww$C:,">
                  <field name="TEXT">open</field>
                </block>
              </value>
            </block>
          </value>
          <statement name="DO1">
            <block type="playAnimationAdv" id="n_5C`9$f|AC4.FL92j=}">
              <mutation xmlns="http://www.w3.org/1999/xhtml" advplaybackoptions="true" enablewhenfinished="true"></mutation>
              <field name="REVERSED">TRUE</field>
              <field name="LOOP">LoopOnce</field>
              <value name="VALUE">
                <shadow type="animationList" id="[9{Kw{D.)l`3AX]8d@/g">
                  <field name="FIELDNAME">drawer</field>
                </shadow>
              </value>
              <value name="FROM">
                <shadow type="math_number" id="x#Fcyk9yHJ}n[I`=^/Z?">
                  <field name="NUM">1</field>
                </shadow>
              </value>
              <value name="TO">
                <shadow type="math_number" id=",@f=kOq$FCjLFQ!-;-cZ">
                  <field name="NUM">30</field>
                </shadow>
              </value>
              <value name="SPEED">
                <shadow type="math_number" id="sC=p4zpKPE~W28D@3)N@">
                  <field name="NUM">1</field>
                </shadow>
              </value>
              <statement name="DO">
                <block type="variables_set" id="7Pj}i/zXJrPIpHzMiH$m">
                  <field name="VAR" id="nv26T.P=AQjYfb=DFJQ{">status</field>
                  <value name="VALUE">
                    <block type="text" id="6?TNWq+#0i*I4y+%Y_-?">
                      <field name="TEXT">closed</field>
                    </block>
                  </value>
                </block>
              </statement>
            </block>
          </statement>
        </block>
      </statement>
    </block>
  </tab>
  <editorsettings viewport-x="1090.0000854492187" viewport-y="37" viewport-w="427.987" viewport-h="291.4" viewport-hidden="false" toolbox-library-mode="false" toolbox-minimized-mode="false"></editorsettings>
</xml>